{"cameraMode":{"drawMode":0,"name":"Shaded","section":"Shading Mode"},"sceneLighting":true,"audioPlay":false,"sceneViewState":{"showFog":true,"showMaterialUpdate":false,"showSkybox":true,"showFlares":true,"showImageEffects":true,"showParticleSystems":true},"in2DMode":false,"pivot":{"x":2.2539329528808595,"y":-20.08795928955078,"z":22.892166137695314},"rotation":{"x":-0.14293192327022553,"y":0.17771011590957642,"z":-0.02609766460955143,"w":-0.9732978343963623},"size":144.4286651611328,"orthographic":false}