{"cameraMode":{"drawMode":0,"name":"Shaded","section":"Shading Mode"},"sceneLighting":false,"audioPlay":false,"sceneViewState":{"showFog":true,"showMaterialUpdate":false,"showSkybox":true,"showFlares":true,"showImageEffects":true,"showParticleSystems":true},"in2DMode":false,"pivot":{"x":-52.35397720336914,"y":-19.100000381469728,"z":63.7454833984375},"rotation":{"x":-0.14293192327022553,"y":0.17771011590957642,"z":-0.02609766460955143,"w":-0.9732977747917175},"size":2.8578836917877199,"orthographic":false}