{"cameraMode":{"drawMode":0,"name":"Shaded","section":"Shading Mode"},"sceneLighting":false,"audioPlay":false,"sceneViewState":{"showFog":true,"showMaterialUpdate":false,"showSkybox":true,"showFlares":true,"showImageEffects":true,"showParticleSystems":true},"in2DMode":false,"pivot":{"x":-22.299999237060548,"y":1.2000000476837159,"z":-8.300000190734864},"rotation":{"x":-0.14961747825145722,"y":0.1439027339220047,"z":-0.0220157690346241,"w":-0.9779682755470276},"size":5.472431182861328,"orthographic":false}